,0,1
1,-8.1832695,11.508881
10,-8.178704,11.534705
11,-8.16892,11.485215
12,-8.1554,11.417507
2,-8.180893,11.480862
3,-8.167913,11.488619
4,-8.185326,11.479472
5,-8.162709,11.522774
6,-8.170738,11.451653
7,-8.182546,11.485504
8,-8.170141,11.434742
9,-8.175336,11.486273
able,-2.1470876,1.4910567
about,0.4904159,-0.80897963
above,1.0906328,-1.2052054
accept,-0.7635726,0.74460983
ached,0.6622987,-1.1362212
acquire,0.6624448,1.0644336
across,1.8104143,-1.0708115
acted,-0.60449517,1.7575285
add,-1.1468612,-0.21596622
admit,-1.4287798,-0.12868991
aegon,-1.6661861,1.6597613
aegons,0.66320854,-1.4944874
aerys,-2.8160815,1.6357841
affection,0.5264123,-0.6377441
afraid,-0.61963564,-0.51700824
after,1.0395982,-1.5434297
afterward,-1.0424311,-0.566349
again,-0.5312978,-1.2475326
against,1.5628816,-1.4901757
aged,-0.097862564,0.5951556
ah,-1.1318606,-0.16726491
ahead,-1.4903592,-3.087558
air,3.309047,-5.0592456
alas,3.1990335,-6.308534
albino,-1.3516742,0.25267363
alchemists,0.80579746,1.6505213
alike,3.9895334,-3.163053
alive,3.0273857,0.9441871
all,-0.8341985,0.5200765
allegiance,-0.8887957,-0.3725665
allow,-2.1009302,-0.7000412
allowed,-0.24609269,-0.9694229
allows,0.5701489,0.004227141
almost,1.0698658,-0.65781534
alone,-1.9356456,-0.11073148
along,2.3798378,-1.1715658
already,-2.139773,1.4889939
also,-1.7011837,-0.23073229
always,-0.9803812,-0.3741877
am,-3.2630079,0.123848386
amidst,5.1034193,1.9492645
amused,-1.1074672,-1.9860084
an,-1.3589565,1.0030638
anchorage,2.0510736,-0.50468713
ancient,1.8360174,0.97074217
anger,1.4140879,1.2479248
angle,-2.363998,2.9918566
angry,2.1138747,-1.6398547
ankles,0.3081197,-1.139052
announced,-2.6919134,-3.56731
another,-0.63939214,-0.1233884
answer,-1.314233,0.32531247
answered,-1.9658518,-0.83244556
antlers,2.3325105,-0.8148757
anxious,-2.2383559,-1.2428321
any,1.1120217,-2.5097117
anymore,-1.5317308,0.5379168
anyone,-1.2692357,1.6243321
appeal,-2.0192509,-0.39963645
appear,0.5559428,-2.0047338
arbor,2.4902277,2.646521
arched,2.7495306,-0.8036862
archers,0.16308159,3.0189385
are,-1.9516416,0.5542603
argument,-0.37634403,0.028774757
arm,-1.5576171,0.37128922
armies,-3.842933,-2.2624242
armor,1.3113062,0.0011498438
army,-0.93966717,1.6443402
around,0.11147746,-0.9338068
arrows,-0.21800837,2.9833167
arryn,-1.5330608,-0.65592104
arryns,-6.3100677,0.79901403
art,0.10672661,-0.4253725
as,-1.1763319,-0.3980114
ascend,0.92457074,0.93557036
ash,0.012666023,-1.2485383
aside,0.55555594,-0.769907
ask,-4.073697,-0.019502316
asked,-0.9752873,-0.3438924
asshai,4.453159,0.08780803
asshaii,-2.4714856,1.4416164
at,-1.4058714,1.0601385
atop,2.8944225,0.8668867
autumn,1.5614413,2.9000504
avenge,-2.55535,-0.10747021
away,-0.61159164,-0.09361283
aye,-2.0043285,2.9540212
babe,-1.34237,0.41512612
back,-0.034600154,-1.1803576
bad,-0.20853318,-0.7453183
bailey,11.661415,15.661778
balcony,1.1083895,-0.31780016
banner,4.925885,-1.2587519
bannerand,-0.86132145,-0.78027105
bannermen,0.4421664,-1.5508423
banners,4.121558,2.561886
bar,-1.6438956,8.253158
baratheon,-0.06997835,-0.71933687
baratheons,0.17438366,-3.5970957
bare,3.908021,1.0245587
bargain,0.20923649,-0.5335084
battlement,3.1837823,-1.8683455
bay,4.0116806,-2.47404
beard,0.116909996,-0.8891544
because,-1.1803998,-0.012603937
beckoned,-1.0103232,-2.1094236
bed,-2.1597533,0.4682935
bedchamber,1.8954806,-1.8929785
been,-1.4916197,-0.7312924
before,-0.42127466,-0.2910376
beg,-1.6263325,1.7662781
began,-1.3631164,1.183738
behind,1.5205605,-0.8642409
believe,-1.5836148,0.8948773
bells,2.678997,-2.12193
belonged,-0.728815,2.306242
below,1.0536733,2.3511734
bends,-1.5737745,-0.052627932
beneath,1.7699007,-0.11732275
bent,-3.168849,-5.9058275
beric,0.3491916,5.8295712
beside,0.3801041,0.6441415
best,-0.8217507,0.34917513
betroth,-1.2077401,0.6356078
better,-1.674271,-1.0223794
between,3.3252373,-0.74906206
beyond,0.5942923,0.8475282
bigbellied,3.6964056,2.6946135
bird,-0.9899707,-0.83426523
birds,-0.8142753,1.2333404
birth,4.715082,-5.1166945
bitter,-1.4132934,1.6446351
bitterly,-2.720273,-0.66605353
black,3.380352,-0.619085
blackwater,3.6173203,0.9760813
blamed,-1.8728703,0.498217
blast,1.9434317,2.3879938
blazed,0.5368144,-2.6319668
blazoned,-0.7158068,1.0168619
bled,1.8540152,-1.4197482
bless,-2.481744,-0.44501773
blessings,-4.3997626,0.18828228
blew,-1.8332657,-2.0361273
blinked,-0.043795895,-0.09308747
blood,1.0456371,1.8275459
blue,1.0047612,-2.4182434
blueblack,1.4564414,-0.54877466
blunt,-3.769788,3.9961529
bobbed,1.564617,-2.6617687
body,1.3105015,0.49100795
bold,-1.6615192,0.0023657905
bone,-4.8042216,-1.4914545
bones,0.124047264,0.3683644
bong,19.490202,0.627652
bongdong,7.470473,1.8042808
bony,5.4781556,-2.5916467
book,1.4554666,2.3446863
books,2.6053245,-3.9750853
boomed,6.3437943,3.8994248
boon,-1.3580489,1.3390504
boots,2.559945,-0.002714732
both,-0.43295982,1.7953058
bottom,1.9038134,0.0542554
bought,-1.772535,-0.0068918844
bountiful,2.055935,5.8694596
bout,2.9276547,0.67982894
bowed,0.8056503,-3.4924355
bowing,-0.7328484,-0.34555972
boy,-0.8240834,-0.9189161
boys,0.17520228,-2.6608286
braavos,1.956222,1.6697164
branch,1.3409356,0.72995746
brave,-0.8126272,-1.0930444
bread,0.28303367,-1.051627
break,-0.04034615,2.0689912
breakfast,-2.3376281,-1.2225662
breath,-0.48601142,1.2000003
breathe,-0.2982041,1.3797109
breathing,-1.5284964,0.71936995
bred,-1.104264,0.16566822
breeches,3.5855415,0.7855845
bride,-2.7336383,2.4737923
bright,0.6897537,-0.52412814
brightness,3.5202026,-3.2095113
bring,-0.85921293,-0.3273223
briskly,-2.3812156,-1.8478373
broad,2.2637188,0.6255307
broke,0.8847239,-0.9372677
broken,-0.3441352,1.5113622
brooded,1.7930938,1.413833
brooding,0.94752973,0.7607515
brooked,-0.2813433,-0.38816047
brother,-2.4597125,-1.0528301
brothers,-2.4639802,-2.005782
brought,1.0084842,-1.6798944
brow,-0.85058504,-2.6589406
brown,2.8513463,0.2846881
brows,1.0379887,-2.460047
bryce,0.4425948,0.21250118
bucket,-3.6707902,1.7942551
built,-3.6489632,1.009699
burgundy,5.2555337,3.4154272
burial,-1.1186084,0.14125226
burned,-0.010136914,-0.6410984
burning,-0.30308542,0.3712951
but,-1.8198924,-0.15583031
butchers,-3.177754,-3.862448
butts,-1.5693777,1.0762444
by,-0.10719432,0.30220065
calculation,0.56381357,-1.4891698
call,-0.9866161,0.51171476
called,0.40969375,-2.6643088
calling,-0.65065295,0.28312147
calls,0.5413519,-0.28588417
came,0.08605997,-1.1407087
camp,1.0558959,0.50189674
camped,1.5934228,-0.64020324
can,-1.5303328,0.9850389
candle,-1.5137116,-0.8388474
candlelight,0.05134882,0.7526148
cane,0.8789321,-0.67567796
capable,0.79952174,1.078165
cape,1.3901088,1.1489459
care,-3.9082272,0.03328331
cared,-1.6112161,-0.69407713
carefully,0.16405216,-0.68933064
cares,-2.3201106,2.4220312
caron,-0.99906874,-2.662259
carpenters,1.000685,-2.006498
carracks,2.0456436,1.522268
carried,-0.60518426,-0.20072314
carry,-0.9136086,-0.29074886
carved,0.33755204,1.8575779
case,1.2571088,-1.1796998
castellan,0.98654324,2.341605
castle,0.39295208,-0.29803085
castles,-0.4090988,4.0040913
catch,-0.7329776,0.2592405
cats,-0.3918597,3.4554048
cause,0.71555126,-1.3108479
caution,-2.894578,1.7788075
cell,0.5682898,-2.1916416
celtigar,-1.4804159,2.7552881
center,2.2964664,1.8132602
central,-0.31038538,3.0110974
certain,-0.428226,1.3918557
chagrined,-1.2503765,-1.5405388
chain,1.1069028,-2.2019296
chained,0.95779026,-0.66582155
chair,0.58530277,-0.9050099
chamber,1.4247046,0.6785011
chambers,1.8779615,-2.429234
changing,-1.7401742,-0.10019452
charming,-4.5189385,-2.1602218
checked,0.008284403,-2.931552
cheek,-0.44869006,-0.7452148
cheeks,2.0104337,-1.1724305
cherished,0.92056084,-1.3683373
child,-0.6279848,-0.67939043
children,-0.22710586,-0.78675795
childs,4.080358,-0.586831
choice,1.6744493,-1.1660182
choking,0.22440903,-0.5227317
chosen,-0.20882124,-2.8609297
circling,2.4830952,-2.6921887
citadel,0.46965346,-0.41915914
cities,2.415356,4.5382996
city,2.0658023,2.102965
claim,-1.2750673,-0.23708826
claimed,1.4107306,-1.7613497
clammy,1.0044733,-2.453634
clang,5.3327494,-1.4260753
clangadang,4.367545,0.17777026
clangalanging,-7.232528,-0.2098733
clanging,5.2779145,-6.0237784
clangor,3.573732,-3.279874
clatter,6.1974654,-0.16723053
clay,3.7733288,3.7086532
clean,-1.9575288,2.0490649
cleaver,-3.0858479,-2.862937
clench,1.7568766,-8.041236
clenched,4.3576756,-0.23334946
clever,-3.6550353,-3.6813157
climb,0.26655978,-1.269508
climbed,-1.6784544,0.9659682
cloak,5.6557865,-8.434855
cloaked,2.276875,1.1957483
clong,22.636835,8.017747
close,-1.0200886,1.6111642
closed,0.77236223,-2.0101511
closer,-1.1955831,-0.30141994
clouds,5.8601084,1.4201661
clutching,0.9799583,-1.3177333
coast,1.8803053,-0.19941318
cogs,1.7996682,1.4522731
cold,-0.02583471,-1.1733451
collapsing,2.5167332,-2.8990571
collar,0.87904644,-0.021460105
colleague,-3.4081814,-0.08147714
color,1.2469954,-0.087965354
colors,1.2114221,1.4773293
come,-1.1695738,-0.8392673
comes,-1.9504098,0.97984767
comet,0.13658634,-1.5561423
comets,3.7797194,-3.8113976
coming,-1.7226386,1.1231112
command,-0.3670986,1.7761575
commanded,-0.74284166,-0.16666529
commander,0.914173,-0.72728455
commanding,3.371936,-1.223789
commands,0.6851203,1.657111
committed,-3.8143713,-2.763448
common,2.597824,-2.8382492
compass,2.2127485,2.07783
complained,-4.2385864,-1.3392175
conclave,-1.5180247,-0.9588738
condition,0.9609918,-1.998809
conqueror,-3.5237124,2.0009813
conquest,-0.14536816,0.8163623
consented,-1.1060213,2.7744544
considered,-3.04283,10.085134
contemplate,-1.7576935,-0.108125106
contents,-0.633863,0.6489545
cookfires,0.54320157,0.3662868
cordon,4.924954,1.4807823
corpse,-1.6253738,0.014771452
corpses,3.3611403,1.2451109
correct,0.15892865,-5.592153
costly,0.38824397,2.4097981
coughed,-0.27244678,0.97947997
could,-1.7787746,-0.44509724
council,0.1926218,0.3329478
counsel,-2.6601696,-1.5316769
courage,-2.2331064,-4.072314
courtiers,-1.802405,-0.38231248
cousins,-5.1261044,-2.7297797
cowbells,3.7193837,-3.5315952
cracked,0.7816918,-3.067467
craft,-0.73260987,-0.8651112
crags,1.938851,-0.54261553
crammed,3.6958203,-1.3825608
crashing,1.9561725,-0.33775508
cravenly,-0.7337244,0.99313265
creeping,-0.97469205,-0.45950037
crenellations,1.1493446,0.5479161
cressen,-1.5506623,-1.6366973
cressens,1.0112182,-2.2746873
crib,1.6999016,-1.1224916
croaked,-0.84558797,-1.878192
crop,0.45873803,0.04102984
cropped,6.1098433,-1.7160894
cross,0.27884522,-0.60464895
crowded,2.6271863,-1.922609
crown,0.07438753,-1.1007874
crowned,0.34772182,0.7463246
cry,-1.2581962,0.76525337
crystal,0.31421474,0.85715914
crystallize,-0.042150803,-1.115616
crystals,0.2262595,-0.88243186
cup,2.4562166,-2.6670516
cured,3.1418204,0.7099013
cursed,-1.8803167,0.19173324
curtain,11.092854,13.66519
cut,-2.3123696,0.64266425
daily,-2.17242,-1.7476711
dalla,0.46081692,-0.2000417
damnable,-1.6287695,-0.24676879
damned,-3.5035372,0.33332518
dance,-1.1497679,-4.306495
dared,1.0951349,-1.5745243
dark,0.4252454,-1.9163005
darkened,0.97862685,0.9916342
darkness,2.0268135,-0.18840781
darry,-2.6552448,2.9138665
dashed,-1.4944546,-10.403071
daughter,1.1953776,-0.66667634
daughters,-0.3820347,-1.8823446
davos,-0.28733888,-1.5594072
dawn,1.0098321,-1.0840181
day,0.2878918,-1.6534438
days,-0.21743952,0.9009283
dayshad,-0.377634,-1.3580083
dead,-1.2170991,-1.360818
deal,-1.9533142,0.12328052
dear,-3.016283,-0.030857773
death,0.23943801,-0.86383605
decided,-1.9242917,1.5963188
decision,0.39647117,-2.3023546
declared,-0.42092618,0.23947357
decreed,-1.2800657,-1.0415134
deeply,-2.4530945,-1.9345134
deer,4.1132236,-0.2802272
defense,-2.1070786,4.152956
deft,-2.8159575,1.4049746
delight,-0.27960867,0.027321484
delighted,-1.1101271,0.2740295
demanded,0.07833465,-3.054335
denied,-2.7084649,-0.03467748
deny,-2.2514734,-2.1487505
descended,0.040847357,0.20582871
descending,-0.0035400428,0.012494143
descent,1.5639255,-3.6101499
desolate,0.20259787,0.24142274
despair,-2.5084696,0.6461451
did,-2.2226477,-0.35858318
die,-3.16705,-0.23961212
died,-2.9514601,-0.7530214
different,1.185006,-1.5291623
difficult,2.9278047,6.4131885
dim,4.0892315,-6.2365336
discarded,-3.7478378,-1.0417597
disentangled,2.938973,-4.3971586
disfigurement,3.5229366,-2.327838
dismissed,-4.038963,1.0430213
dissemble,-2.778662,2.1486878
dissolved,1.2769232,-1.68868
disturb,-0.5429171,-1.3840995
disturbingly,-1.9338518,-2.423211
do,-3.006275,-0.26178244
does,-3.4165032,-0.27238113
doesnt,-1.606161,1.0724157
dogs,-0.3124298,3.3374684
doing,-3.836518,0.45616633
dondarrion,0.22399412,5.790592
done,-2.438317,-0.061085243
dong,19.426428,1.6120986
donned,0.26618862,-1.4674246
dons,0.42061594,-1.0880662
dont,-1.5002607,0.5903701
door,2.3752382,-3.29232
doors,0.24612305,-0.6134796
doublet,4.987869,1.8266165
doubt,0.42027792,0.8483149
down,0.06717312,-0.6166829
dozen,-1.2978339,-0.2119494
drag,-0.36515298,-0.8424766
dragon,-1.1522752,0.43727073
dragonmont,2.9437287,-0.37696683
dragons,-0.9360438,0.8749513
dragonshreath,-1.2032452,-0.03174221
dragonstone,-0.11240875,0.101203196
dragonstones,0.355672,4.0448384
drank,-4.371626,-1.114153
draped,2.745802,-0.675151
draught,-1.6518259,1.8129189
draw,2.9435613,3.4224634
dreadful,-2.8239198,-1.1786578
dreams,-0.024618775,-0.9092139
drinking,-3.216139,0.026768703
drivel,-0.509846,-2.9911425
drollest,0.65299857,-0.02776864
droppings,4.3241343,2.1111662
drowsily,-2.065751,-0.17453544
drum,0.7486245,2.3433266
dry,-3.311735,-2.3327305
during,13.147115,7.748871
dust,-0.40953428,0.5508045
dutiful,-1.2093841,-1.9050474
duty,-0.03729168,-0.4420038
dying,0.31933704,-2.0233734
each,1.7762376,-1.76555
early,-1.5432061,-0.46755084
earn,-1.4136134,0.3464165
ears,4.522397,-3.2079837
earshot,4.649677,2.036629
earth,0.17593513,-1.3890353
ease,0.6621552,1.10701
easily,-1.048181,-1.0933675
easy,4.070849,1.2361643
eat,-2.3462644,1.3963097
eaten,-0.93196833,-0.019239673
eddard,-3.682813,0.42612708
eightieth,0.8673028,-2.4578083
either,-0.22833857,0.7539437
elder,-1.5931203,-0.43128097
eldest,-0.33407345,0.1763472
else,-1.1169523,0.8613961
elusive,2.1475272,-0.07313644
embrace,0.8436647,0.21912664
emmon,-1.2409337,12.130155
empty,1.2711143,2.8923745
end,-0.59128356,1.6493385
ends,-0.79865843,-0.0065031843
enemies,-1.2905283,-0.31410292
enly,-2.838506,1.6756059
enough,-1.6789297,-0.32210293
enter,-2.1801784,-0.8224937
entered,-2.1045523,-2.0717108
envoy,-1.9032243,0.31804648
erect,-0.2159151,0.25983045
even,-0.2579661,-0.27620974
ever,-0.5206872,-1.9134543
every,0.8685398,-0.28298584
evil,-1.6382983,1.4747161
evoke,0.1693979,0.17296542
excuses,-4.6780386,4.7901826
explained,0.055959173,0.14635715
eyes,1.4166318,-1.1231872
eyrie,-2.054448,-2.0485864
fabrics,5.3452587,5.36827
face,1.3202009,-2.3970537
faceless,-1.2236238,0.90366745
faces,1.2598776,1.9362648
facetoface,1.4126318,-1.548988
faded,3.0183585,0.33715573
failed,-1.0947006,-0.2744335
failure,-1.752213,-4.485249
faintest,7.0767255,-2.2906876
faith,0.31249657,-0.14903714
fallen,-0.7337406,-1.6056347
falling,3.274621,-1.5379218
false,-1.7211065,-0.18689138
familiar,-0.43415618,-3.0404909
fancied,-2.4590685,-1.9193377
far,-0.8030356,0.1334005
fashion,0.5645532,0.29429114
fashioned,-0.7720325,3.0800428
fasts,1.5505385,3.047921
father,-1.0695922,-2.3347733
fathers,1.2800258,-1.5841591
favor,-1.3688062,0.12661654
favorite,-0.063948974,-2.3406732
fear,-1.3533169,0.7209098
fearful,-1.4362426,1.5674728
fears,-2.4248374,-1.7499758
fearsome,0.65133494,0.7136214
feast,-0.122673325,-1.9966304
feasted,4.1224055,2.318132
feasting,-1.2967012,0.17594129
feasts,-1.4056361,2.3852656
feathers,-2.302603,0.38952696
feeble,2.1481867,-2.234111
feel,-0.861523,-1.8835636
feet,0.28696436,-0.1201513
fell,1.6163378,-0.85643834
felt,-0.8653786,-2.6506245
fervent,2.0704603,-0.6603839
few,-0.16047405,0.22766037
fewer,-0.60272425,-1.3442408
field,-0.15054342,1.6649402
fieldhand,-2.3394682,3.5773575
fieldwith,1.8047433,0.2574701
fiery,0.6025279,-0.10658386
fifteen,-1.7431087,2.259732
fifty,-0.041771065,-0.7276199
figured,-0.6933721,-3.6045098
fill,1.1761428,-1.734848
filled,0.8697754,-2.4845877
final,0.06304579,-0.13584694
finger,1.4436824,-1.1630158
fingernails,-1.3089173,2.2485247
fingers,1.9822874,-2.900742
fire,1.7914162,0.8627896
firing,-1.1119766,3.5805326
first,-1.3016565,-1.4067136
fish,1.4181772,-0.7619896
fisherfolk,0.6457704,0.3338507
fishing,5.7949424,6.9351077
fist,1.3398182,-5.5492687
fitting,-1.5588325,-0.18839207
fiveandthirty,-1.5700806,-0.38963297
fiveandtwenty,-0.55053097,-2.2512455
flag,-2.6568754,-3.2089083
flaking,3.4030645,-3.1863718
flame,1.0774089,0.11002725
flames,0.37883213,-3.0689929
flapped,4.9950595,-2.480279
flapping,0.5969822,-2.4071298
flatter,-3.02051,0.8398397
fled,1.1601658,0.8370344
fleet,-1.8812637,0.08667437
flerce,-1.7732793,0.11153483
flery,1.1265451,-3.2100055
flesh,1.2182242,-1.8818383
flickered,4.1175075,-0.61739147
flight,1.6641427,1.4825821
flock,-0.7289068,1.4307413
florent,-0.9873444,1.284601
fly,0.765451,-2.5935032
flying,8.353409,5.58368
follies,-3.8404918,-1.141931
followed,-1.0232387,-0.9747457
folly,0.71401316,-1.3790154
fond,1.9314255,-0.6021419
food,3.574707,1.2309567
fool,-0.5128431,-2.6929548
fools,0.7681282,-1.0870034
foot,0.1574328,-0.80343646
for,-1.3983622,0.84811485
foreboding,1.6154135,-1.7651697
forest,0.27781445,0.62265
forests,4.5176463,10.899951
foretelling,2.3853574,3.748203
forever,-3.2193542,0.6978013
forged,1.6061828,-1.8408843
forget,-0.90080035,1.1739209
forgive,-2.2536948,0.0036549114
forgotten,-3.7010546,-0.55584294
fortnight,-1.7010273,-2.459715
fortress,0.9824826,0.9306603
foster,-0.88585955,0.606086
found,-0.27141193,-1.032235
four,0.14563857,0.91521066
frail,-0.037325792,0.22790615
fratricide,-0.85955155,-4.911764
free,1.9579116,1.4767212
freedom,-0.10721304,-0.59146285
freehold,2.5806146,0.75940365
fresh,1.8702805,0.08856156
friend,-3.9648108,1.318092
friendly,-2.6728604,1.4907209
friends,-0.37100607,0.25321594
frighten,-0.38020742,-1.0248861
fringe,-1.1127758,-0.3169072
from,0.6887158,-0.2116375
frowns,-2.6281288,3.9149067
fruitless,-0.2369833,-0.6449199
full,0.54710495,-1.8443251
fullness,2.0587792,-0.55064595
fumbling,0.95664454,-1.6946679
furrowed,-0.034180224,-4.4837503
fury,5.1955266,-2.8063402
future,-1.0793184,0.2647919
gaily,4.276572,-3.3086853
gales,1.1440474,0.6209476
gallery,0.97742546,-0.55443287
galley,3.6665308,-1.1685708
galleys,2.1920283,1.7550379
galloping,0.69261414,-3.445955
games,-1.1286951,-0.14927712
gaped,2.5947402,-1.0301303
gargoyles,2.4596317,-0.34380138
garrison,0.1767583,0.03009402
gates,1.8058949,0.49414715
gateway,5.82327,0.83539414
gave,-1.6630142,0.56240475
gazed,1.7754596,-5.3554606
gentle,-2.567983,0.9689073
gently,-1.2978317,-0.50381297
george,-3.85063,3.3709269
gesture,1.9738294,-1.4948615
get,-0.988587,-1.3643873
giddy,-2.177581,-1.7471426
giggled,-4.786594,-0.5152439
girl,-0.107431516,-2.1269264
give,-1.1438463,0.27826825
given,-3.470806,0.9786611
gives,0.24484913,2.093201
giving,-0.75649536,1.7586344
glanced,-1.7131933,-1.7266865
glass,0.8945025,-0.25937137
gloomy,4.460915,-6.565363
glove,4.1572137,-0.8711095
gloved,1.3695338,-3.2205048
go,0.69187295,-2.9388397
god,-0.45753273,0.18439619
gods,-1.7045407,0.09796717
goes,-2.4138749,-0.44593632
gone,-0.66567284,0.93867207
good,-1.7451371,1.3772079
gorgeous,2.704288,-0.48070478
gotten,0.26040938,-3.6145537
gown,-0.26409605,0.19361737
gowns,3.8559952,0.36916184
grabbed,0.42989224,-2.7054813
grace,-1.5785943,-0.5395668
grant,-1.5120977,2.5093403
grateful,-0.5221321,-1.4353547
great,1.2299042,-0.093154624
green,2.2394054,-3.592146
grew,-0.11193842,-0.82175595
grey,2.340703,-0.435094
greygreen,4.058661,-2.8328526
greyscale,0.99592286,-0.20140873
grievance,-2.1743407,-0.6745357
grim,-0.54285693,0.6711587
grinding,1.4055356,-2.3919418
grotesques,0.31112564,0.9876438
grove,0.7698655,4.527116
grow,0.10497652,-3.0974178
grown,-1.4001018,-1.2798817
guard,2.2119727,3.485332
guardian,6.126759,-0.15263505
guardsmen,6.1191382,0.41886696
guileless,1.014827,-2.8377337
gulian,0.20841779,-0.81371665
hacked,-0.92504346,-2.8286092
had,-0.7837622,-1.1415645
hair,3.7325425,-0.5394709
half,0.3534223,-0.54023093
halfway,0.45714626,-1.8953882
hall,0.40874255,1.3376474
halls,5.203053,-1.1871822
hand,0.45296648,-1.4621285
handful,1.4387985,0.5743406
handled,0.59844154,-1.3102123
hands,0.01770704,-0.91780895
happened,-1.8148501,-1.1202635
harbert,-1.3965977,-1.3867481
hard,0.111364305,-0.24217753
hardly,1.604123,1.6520885
hardwon,0.8473868,0.48480028
harvests,-3.668723,1.5327245
has,-1.8398657,-1.8916677
haste,0.17334822,-0.5970643
hastening,1.8871619,-0.48820233
have,-2.9619286,0.03905495
hawk,1.9065219,-3.0009093
hazy,2.6419,-2.6263905
he,-0.9634543,-0.7325626
head,1.2510737,-2.1849117
headland,0.74020004,-1.520513
heal,-2.2127416,0.5006128
healingbut,-0.539176,1.6457468
health,0.7754572,-1.8566226
hear,-3.0005283,-0.98469037
heard,-1.1690121,-1.7296327
heart,0.5920889,-0.5396705
heavens,-0.09742233,0.48837405
heavily,3.5749674,-3.0350106
heavy,0.8614665,-1.9207631
hed,-1.0172106,-0.5343666
heedless,-1.9809175,1.2701882
heir,-2.9233608,0.6543675
held,-0.44291046,0.062134117
hellhound,1.414559,1.2041115
helm,-0.13071205,0.8445829
help,-1.5097901,0.44925278
helping,-2.9193988,1.5891824
her,0.47265866,-1.621523
here,-0.45103115,-0.6323903
hers,-2.9773474,0.42070457
hid,7.272824,2.4400647
hidden,-1.6292558,2.1373334
hideous,-0.562903,-6.0889997
hides,-1.2831707,0.5799469
highborns,-0.7700301,1.268532
highgarden,-1.6265155,2.1682098
him,-1.1840576,0.39205247
himself,-0.7930854,-0.82418174
hint,3.8378203,-0.79979926
hip,0.3966777,-1.1579059
hips,1.1866132,-1.2176596
his,0.65252453,-1.028542
hobbled,1.9829603,0.95457727
hold,1.1759669,-0.5604973
holdings,0.5004214,1.7878939
hollow,-0.69046634,0.7708425
hollows,4.3473263,-2.3892367
home,-0.69353855,0.54023206
honor,-2.4125743,2.355941
honors,-2.1959815,-0.7294835
hope,-0.040664487,-0.6444299
hoped,-2.042025,0.018953988
hopping,0.9944801,-1.6377462
horrorstruck,-1.4690493,-4.3353615
horse,-0.067900255,-1.0325662
horses,-0.7137318,1.262662
host,0.91335857,-0.32862324
hot,-0.30968717,0.7923517
hour,-2.2881198,0.6562416
house,-0.45275876,0.95359755
how,-1.9246756,0.117083326
howling,5.7412214,-3.8716028
hull,5.677336,-2.8198109
humor,-0.40259278,-0.5792575
hundred,1.2550573,0.20021342
hundreds,-0.3264936,0.42096215
hung,2.4013546,-1.4848335
hurry,-1.0564302,-0.5969846
husband,0.5478202,-1.5016909
i,-3.1201231,-0.20414326
ice,2.2611728,1.8576846
id,-3.0269809,0.32510674
if,-2.0457659,-0.16573817
ignorant,-1.6857679,3.1336153
ii,-2.7550185,2.07615
ill,-0.98317784,-0.12942159
im,-3.1188445,1.5129933
important,-0.12140032,-1.2452388
impressive,-0.5823358,0.77763575
impulse,0.6293125,1.2341356
in,0.35616186,0.30626535
incoherent,-4.47651,2.0918534
incomes,-2.6614878,-0.16578141
indeed,-3.8678732,-0.96700144
indigo,1.1572119,0.0026344336
inflict,-1.8745394,-0.11108884
injustice,-2.548751,-0.62581027
inner,4.9454255,-1.2886293
inside,0.46416676,2.047392
instead,3.0080862,1.6732703
into,1.222828,-3.7807152
intoned,0.23669253,0.35654753
iron,0.66444445,0.6395203
island,1.4679292,0.7053049
islands,2.1315672,-0.16618684
isle,-0.76053935,-0.778201
isles,-0.5065166,0.12264308
it,-0.8012729,-0.4753894
its,0.68899024,-0.42454192
itself,0.64746875,0.09138854
jade,2.2943275,-0.10028162
jangling,-4.4625244,-4.986376
jars,8.605551,7.4087543
jaw,4.7498555,-3.3672216
jerked,0.73852605,-2.8820572
jerkin,5.2246823,1.406474
jests,0.8456513,1.2218137
jewels,0.6625969,0.6876368
join,-2.390406,-0.55999243
joining,-0.8279469,0.5037543
joint,0.4326396,0.058034528
jon,-3.8220365,0.30490696
jornmy,-0.33971763,-1.879872
joy,0.2996653,-0.7367454
juggles,-1.8981045,-0.9703053
just,-1.4402946,1.5258442
justice,-1.5616801,0.33157352
jut,4.407682,-2.5162423
keep,-0.5742667,1.1875857
keeping,2.241277,-1.5832728
kept,0.56420887,-0.7168101
kill,-0.8381461,-0.9832481
kindest,-1.9976337,0.9687392
kindness,-2.5931487,-0.5574532
king,-1.5610913,-0.055348206
kingdom,-1.1122907,-1.2210467
kingdoms,-0.7862263,1.8395936
kings,-0.5248701,0.4863572
kingsguard,3.1848462,-1.6892813
kingthe,-0.01813105,-0.19789672
kitchen,-1.8416436,-0.35706332
knee,-3.3129182,-3.7884881
knees,3.0585086,-1.5499362
knew,-1.1652403,0.23713923
knife,1.9820062,-1.6032208
knight,0.9698914,-1.1760036
knighted,-0.89642096,-1.0364867
knighthood,2.4803467,0.6686232
knights,0.50007355,1.8454216
knocked,-0.5379423,-1.2876799
know,-4.603562,-0.734992
known,-1.3773917,-1.7383677
labors,0.5547555,-0.8296853
lad,-2.7767227,-4.0224223
lady,-0.7236669,-1.0979518
lakes,4.7873697,11.982775
land,1.8482105,-0.59781444
landing,-0.4898776,0.48803613
lands,0.3078561,0.6382797
lannister,0.14505215,-0.40921348
lannisters,-1.952826,-1.8349899
larger,0.09947272,-2.0835402
last,-1.2016387,0.23292294
lasted,-0.36712492,1.1113899
late,-0.88725275,0.42020085
later,-1.880077,2.7907476
latest,1.5205458,-0.06282203
laugh,-1.4622988,0.6737869
laughed,-2.0596752,1.8544991
laughing,3.608607,-1.7696326
laughter,3.1173174,0.0077345455
lay,-0.39349028,0.21087049
layer,0.359822,0.7810746
leaf,-3.8366575,3.1588628
leaned,1.9489344,-2.1126068
leaning,3.7361324,-3.2981532
leapt,3.7328925,-5.783258
learn,-2.8118212,-1.3120027
learned,-0.54478276,-0.7362197
learning,1.1306999,1.6075134
least,-0.966036,1.3632395
leather,3.2854867,0.15188207
leave,-0.7925686,-0.36436144
leaves,-0.73350245,-0.11065224
led,-1.1427482,0.8618731
left,0.36459014,-1.0855658
legacy,2.5484772,-0.6804617
legs,-0.07409742,0.106811926
less,-1.0860982,1.4874692
lesser,1.370895,-1.1756485
let,-1.544978,-3.1612606
letter,-0.57154584,-0.6313783
letters,0.2614951,-1.570101
letting,-3.2418158,3.1477416
levies,-1.1656016,0.7437108
lie,-1.0870043,2.4767997
lied,-0.56206346,0.086883016
life,-0.66568017,0.36412
lifetimes,0.3739314,-0.11773792
lifting,-2.57778,1.6434349
light,0.95026916,-1.1394266
lightening,-2.1273813,-0.31027922
lightly,2.3175774,-0.9713314
like,-0.6190818,-0.21687607
liked,0.0733812,0.15547466
likely,-2.849396,2.3737216
limb,3.06039,-0.0543636
limes,1.9329855,3.0170388
limped,-0.5727978,-0.7573177
link,1.5103893,-1.8072718
lip,1.1606961,-5.0453935
lips,4.60024,-0.052013706
listen,-2.6474211,2.6274571
lit,-1.6556599,-0.731964
little,0.59634876,-1.2249907
littlefinger,-0.27026117,0.6260188
lived,-2.3324587,-0.10597427
living,0.2667022,1.1177231
loath,-1.5812063,-0.59519863
locking,4.852535,-12.449638
lonely,1.1737902,1.2089286
long,-0.66536355,0.030640738
longer,-1.0262214,-0.19034928
longest,-0.21414606,0.9661481
longexpected,-0.23835772,-0.020669043
look,-2.6288366,1.4247733
looked,0.72428405,-0.29391235
loose,2.5876691,4.0611286
loras,2.9061704,0.7651558
lord,-0.3547868,-1.716672
lords,0.4798987,-0.29936966
lordship,-0.97843677,-0.15167798
lose,0.4611333,-0.09769365
lost,0.5863173,-0.04816411
lot,0.060956895,3.1684015
loud,2.2859192,2.9272475
louder,-3.6645877,-2.1783047
love,-2.4674468,0.09489151
loved,-1.807723,-0.4292599
low,3.365695,-2.389951
lurching,1.6763728,-3.9116716
lys,0.4408526,1.5197654
lysa,-1.5794683,0.17721805
lysene,-1.6412127,2.671057
mace,2.9290643,1.9909416
mad,-0.15115876,1.6512322
made,-1.2749165,1.4399672
madly,8.675077,-10.67683
madness,0.060455803,-1.7427673
maester,-1.0633557,-1.5973326
maesters,0.040648438,1.3274674
magic,-4.1637197,0.87314945
maimed,1.9391891,-2.107942
make,-0.2882288,0.6413996
makes,-1.6628472,-1.1806705
making,3.0631423,-3.2643938
malevolent,-2.0294473,-1.5762511
man,-1.4469415,-0.85964465
mans,0.0023238643,-0.6723742
many,-1.6913304,1.4481492
mark,0.72834575,0.27073887
marriage,-4.777717,1.8721784
martin,-13.690423,6.697453
massive,1.4856813,-0.114435375
mastery,1.7994919,-0.98328614
matched,2.7351017,-0.09232224
matrice,0.6539287,0.76550597
matter,-1.832875,0.881941
maw,-1.187539,2.0552409
may,-1.7100539,-1.1269386
me,-1.9860414,0.45818233
meager,-0.41015956,0.2629269
mean,-1.8431053,0.4810571
means,-0.59202474,-1.5208508
meant,-0.3502389,0.19247778
measured,-3.097251,1.2814696
measurements,-1.8171692,4.2834496
medicines,2.877378,1.3765968
meditations,-1.1433628,-1.8841599
meet,-0.26652747,2.4164677
meeting,-0.060655292,2.59554
melisandre,2.6361465,-1.6111507
memory,0.33669162,-1.047387
men,-0.7965434,0.7832876
mended,-2.0405521,-0.87910014
mere,-0.46491534,0.20242113
mermaid,-1.7894069,-2.8899963
merwives,-0.15206763,0.5780581
messages,-0.019125743,-1.4265212
met,-1.6316354,-2.152364
metal,1.3689326,-1.3371111
middle,6.8126903,-0.7029976
midnight,-0.23829782,2.4393656
might,-3.2526817,0.7798149
milk,1.8957609,2.946203
mind,-0.18131137,0.75513524
mine,-1.6355968,0.48704094
missing,-0.2691478,4.56207
mission,-0.31178656,-1.1898867
mock,-0.9439943,0.22224335
monkey,-2.6352346,-1.6634713
moon,1.3606431,-0.5430986
more,-0.3511327,-0.42423487
morning,2.27733,-2.204189
morosh,-4.786685,2.8218136
morrow,-0.34532097,-1.3874986
morsel,2.813389,0.07202638
most,-0.37566796,-1.5751181
mother,0.5042153,-2.2938387
mothers,6.135859,-5.9055386
motion,2.682456,-1.827473
motley,2.8404086,-5.274937
mottled,4.1612325,-2.2956188
mountain,1.384803,0.28016117
mountains,3.7686713,11.899902
mouth,1.480107,-0.37277383
moved,-1.7807692,-0.398244
much,-1.0778949,0.58811855
murder,2.581252,4.657128
murdered,-0.43048778,-1.9626225
muscles,1.3803641,-0.054976083
must,-1.5997767,-0.85630864
mustache,3.305209,-1.370382
mutter,4.5798454,-1.3858536
mutters,5.595282,3.5783157
my,-1.0017582,-2.1184077
myr,2.076245,3.3791618
myriad,-0.15766385,0.8520406
myrman,-4.1162233,2.532874
naked,0.50871223,-2.3686285
name,-0.45682535,-1.025519
named,-0.7511131,0.62619734
names,-1.2874706,-0.83526963
nap,-1.0317453,1.0771711
narrow,1.9261612,-0.8002495
narrowed,2.197486,-2.501888
narrowest,0.6795302,-0.8886344
near,-0.3068577,1.4446564
neatly,2.9670408,0.97303635
necessaries,1.1233295,3.3537111
neck,1.7272927,-1.9611745
ned,-5.6061354,1.733117
need,-2.5795186,0.09485786
needed,-1.0594113,-0.6109564
needs,-3.528403,-0.17408165
nennymoans,1.7448156,1.5851196
never,-1.4371448,-1.1268448
new,1.3877357,-0.11344459
newmade,-0.56814146,0.30744088
next,1.3513161,-2.4681149
night,0.0458914,-0.27389902
nightmares,-0.8639839,0.41493404
nimble,-1.9414247,-1.4790576
no,-0.7890049,-0.26415196
nod,0.26543212,-2.9343834
nodded,-1.728245,-2.4778867
noise,0.9055894,-0.10787549
noisily,4.6264396,-2.0941815
none,-2.3067515,-3.742561
nonetheless,-1.6045607,-2.1616
nor,-1.0317453,-1.4994462
north,-0.10751387,0.27928975
nose,11.199999,-5.3547697
not,-1.7434652,-0.28592002
notch,1.2912848,2.7619388
nothing,-1.1982272,-0.41357216
notion,-0.68560535,0.3809209
notorious,-1.6456087,-2.237674
now,-1.4899967,-0.6213142
nowhere,4.8817515,-2.761216
numbers,-4.6392145,-0.08412711
oars,2.8672564,-0.67343247
oarsmen,3.910439,-3.0854387
obese,-2.7494414,2.289104
objected,0.33569255,-2.3910723
occupied,-0.09695831,0.040546194
of,1.0041362,0.33368504
off,0.049006157,-0.9604969
offer,-2.4804668,0.20707129
offered,-5.0415463,2.7102866
oft,-1.7345243,-4.1506143
often,-3.0162904,0.0883139
oh,-6.540825,-2.471856
ointments,1.8064076,-2.645044
old,-1.5636301,-0.03035984
olden,1.1209283,0.9324725
oldtown,-0.07234312,0.20161884
omen,-0.04879388,1.946555
omens,-1.2321658,1.5363867
on,1.5090111,-0.62396085
once,-2.8053837,0.6366272
one,-0.09987176,-0.6881893
oneandtwenty,-2.3769445,-1.922933
ones,-1.1970314,0.9553198
onetime,2.750848,-1.2794193
onion,1.1575091,-0.5544416
onions,3.324132,-1.1074445
only,-0.48404834,-0.28706667
open,2.455309,-0.8989791
opened,4.918699,0.64329404
or,-3.3777382,1.8817109
orange,0.2350127,1.2372429
ordeal,-1.496959,-0.92209953
order,1.3196863,-0.19246033
other,-0.28406203,-1.8418964
others,-4.000199,1.1154594
otherswell,0.7139568,4.89741
ought,-1.7534976,-0.016986283
our,1.1038944,-0.19850682
out,-0.5340319,0.21221781
outer,14.795496,15.704428
outpost,2.0001154,0.126869
outside,1.8615539,-0.33632362
over,1.8362448,1.0498794
owe,-4.2279973,0.94685125
owes,-1.6654199,-1.4976927
own,1.4157095,-0.9428934
owned,-0.9300644,0.65067554
pace,-1.7460717,-12.237065
page,-3.7680082,5.330881
pain,0.27992496,1.3402636
painless,0.04966639,3.4633439
painted,1.0648729,1.1259809
pair,6.2649517,0.65350634
pale,2.4917107,-0.8344825
paltry,0.46780527,5.5341597
papers,1.529746,-3.1732707
papery,0.31491297,-0.6887078
parapets,2.0335531,-1.326129
parchment,0.43377978,-2.1398504
pardons,0.8554992,-3.5686643
part,-0.9012164,-2.7003157
pass,3.9629261,-1.771455
passed,-0.07950956,-0.116414085
past,-0.25326055,0.95404744
patched,2.2442038,-4.1354265
patches,-0.21681318,-1.508233
patchface,-1.0700163,-2.4078817
patchfaces,1.3122612,-2.4533238
patterned,0.018957766,-0.46418217
paxter,7.806033,4.077078
pay,-0.89450973,0.48657182
peering,9.044612,-0.6757915
peninsula,4.3619957,-3.1542292
penrose,-1.0537055,-0.08165937
peopled,-1.9490844,2.3680918
peppered,1.0642356,-1.0941888
perch,0.61527,0.14813164
perchance,-4.733358,0.35404855
perhaps,-0.58303803,-0.7423014
piebald,1.4209366,-2.4646945
pink,0.84593517,-0.00836111
piously,4.656529,2.841079
pirate,-0.7248712,2.807172
place,0.5882358,-0.80404854
places,-1.4704225,1.0951047
plagued,-0.9220434,-0.12723984
plain,6.7889357,-9.058651
plant,0.34578055,0.14122218
plate,4.7528076,-1.459346
played,-0.49272087,-1.0209384
plead,-0.09977431,-0.26359683
please,-2.5311933,3.3066595
pleased,-4.2395525,-0.025708312
pleasure,-1.4988369,-2.576778
plucked,-0.39556605,-3.3831234
pockets,1.8431262,1.0079172
point,-0.28458655,1.6181227
points,0.96945,1.6466968
poison,0.20704496,-1.6978635
poisoned,-1.0245389,-1.3476808
poisoners,-0.39265692,1.7351663
polite,-0.39109474,-1.5648782
poor,-1.589756,0.50243086
poorly,-1.1166826,1.0855376
poppy,0.5475602,3.4363015
porridge,-3.9779625,-1.9019082
positioned,1.7581929,-0.29253033
potion,-2.8440883,-1.1665437
potions,2.7167668,-3.6376457
pouch,2.5013545,-1.4915637
powdered,2.4845736,-5.5837507
power,0.8221056,0.08432582
practic,-1.8545356,3.6294107
pray,-3.587008,-0.71190476
precise,1.1697648,-0.30427256
preferred,-0.7467552,1.6016617
prepare,-4.300107,1.9882722
prettily,-0.05182273,1.7413807
pretty,0.7046417,-2.5043676
pride,0.40093064,-0.44469982
priestess,2.6125317,1.0478603
prince,-3.149781,2.8467734
princess,-2.113115,-1.1895394
process,0.056989588,-1.1698129
proclaim,0.027311455,-0.017591063
proclaimed,-0.66117233,0.66394037
prologue,0.017045584,0.011015814
prominent,6.136714,-4.387725
promise,-2.7212787,-0.6037554
promised,0.62737435,-0.26961097
promises,-6.1272235,5.3826466
properly,-2.1632543,-0.13463368
prophecies,1.7041922,0.55234665
proud,-0.92264396,-2.096588
proved,3.8199918,-1.9276769
pulled,0.28424874,-2.0541437
punishment,0.43980923,0.02803725
purple,-0.27113396,-0.2431006
pushed,0.6248847,-1.9924934
put,0.13307779,-0.86073583
pylos,-1.0348771,-1.5712891
queen,-1.2980587,-1.8396236
queer,-0.69330716,-0.90774524
quip,3.289114,-1.2016454
quite,-1.8190243,0.61949867
r,-4.140894,3.080278
rack,3.2936437,-0.5814815
radishes,-4.1218915,0.77680767
railing,2.369947,0.62964433
raiment,1.1413932,0.5428879
rain,-2.3350625,-0.9982525
rainbow,0.8490293,2.6764128
raised,0.3948014,-0.15574184
rally,-1.5824131,1.1257241
ran,3.2884545,-1.9355748
rang,3.0704758,-3.1421685
rare,0.9420893,2.365429
rather,0.7472283,-3.131818
rats,-2.2960496,-0.031619985
rattled,0.7300384,-2.1822212
raven,1.0362734,-4.41381
ravens,0.100913234,-2.8204048
reach,-1.6485832,1.8805504
reached,0.23738533,0.6150807
reading,-0.8491991,-0.120102204
realm,0.15425786,0.6830236
reason,-1.0090134,-0.62237203
reasons,-2.0620797,-0.031485125
recall,-3.9839299,-0.3569476
recalled,-1.4977225,0.29874283
red,0.44413218,-1.5557467
redwyne,3.2831109,1.4453511
refresh,-2.0223324,1.3272386
refuge,0.66031265,-2.1489484
refusals,-0.7159329,0.61157626
refused,-0.6012714,0.0076990314
regretted,1.078445,-2.4441504
regularly,-1.6797022,-1.3396112
remained,3.9648886,-1.1908629
remember,-0.97675496,-0.40926516
remembered,-0.88903034,-3.488226
reminded,-1.3265952,-1.5689716
renly,-2.44579,-0.42151743
renlys,-0.3122317,0.77706844
repeated,-3.4141471,-1.4742348
replace,-1.5070118,-0.3275862
replied,-1.8609037,-1.5555032
reply,-0.8592082,-2.3155582
reports,-2.621537,5.8244076
resigned,-1.4467926,-0.66232365
rest,-1.8005,-0.34930652
restless,0.10845852,-0.58851504
resumed,1.5093665,-2.3128772
return,-0.35800228,0.107662514
returned,-0.40670282,-2.006061
returning,-0.053000353,0.62027675
rewarded,0.14147982,-2.6522956
rhaegar,-2.3842292,1.6468717
rhllor,1.0430267,0.0199098
rich,3.24649,2.699024
riddles,-11.925123,2.785238
rightful,-0.93080145,0.16358306
rightfully,-1.3688669,-0.79850006
rights,-1.8950644,0.46480063
ringaling,17.456373,3.7581077
ringing,1.8105105,1.3189684
rings,-0.7864815,0.26429382
rise,-1.9922112,0.092645995
rises,-3.1221664,2.3223855
risk,1.0846968,1.1183697
riverrun,1.728382,0.2884261
rivers,4.903034,17.206272
robe,1.4970587,-1.597332
robert,-2.2439144,-0.45582008
roberts,-0.9055768,0.05909778
rock,0.28361115,0.7704902
rocks,2.6683552,0.07077726
rookery,0.90863484,0.35792637
room,1.9867742,-0.65549886
rooms,0.37963527,-2.3496444
root,-1.1664727,0.5904644
roots,-2.04153,-0.10275158
rose,1.1273918,0.028033193
rough,4.2390375,0.4207016
roughspun,4.5747375,1.0980059
round,2.2131667,-1.230861
row,2.249879,0.28536442
rule,-0.9369909,-0.30107677
rumbled,7.420614,4.357235
rush,3.8865635,1.6625584
saan,-0.1505254,1.6341671
saans,1.2863475,2.6099477
sad,-0.15838155,-3.9822955
saddened,-1.4888017,-0.95230687
saddest,-0.4813293,-1.9373834
sadly,-4.5964274,-2.793032
sadness,-1.373852,-5.10302
safe,0.16041273,-0.93631244
said,-1.3855283,-1.509543
sail,-0.04324001,0.34154636
sailed,-3.4695837,2.146328
sailors,2.855674,-2.5217738
sails,4.39949,-1.6918982
sake,-0.28864118,0.16716522
salladhor,-0.23502451,2.2685115
salt,1.3073462,0.2704509
salves,3.090257,1.8440131
sand,-1.3539138,-3.4698007
sang,0.98136514,-3.6178052
sat,0.0027382965,0.3049401
saw,-1.513878,-1.550778
sawing,1.1871468,-0.98399425
say,-1.2929205,-0.4991294
saying,-0.27823737,-2.2927623
scales,-3.1284838,1.6028003
scalp,0.8768012,-2.6001744
scarce,-0.13910782,0.063832246
scared,-0.9015814,1.342561
scooped,0.36575127,-1.2735051
scowled,-3.0780854,-2.0397956
scowls,-2.7077115,4.014752
screamed,2.7460968,-10.490764
scuff,0.5502115,-0.5264581
sea,0.9926179,-0.4531728
seat,-0.32381848,0.6625464
seated,0.5045978,1.7200613
seaweed,-0.23449923,0.16470024
seaworth,-0.16595621,-1.9274259
secreted,1.7608802,-2.9702373
see,-1.5041564,0.09614934
seed,0.27545255,-0.76883733
seeds,1.7108941,-2.5919905
seek,-2.070733,1.6372173
seem,1.2987045,1.4770439
seemed,1.1749004,-2.6289892
seems,-1.6410832,0.37875414
seen,-0.4797947,-1.49291
seldom,-1.2995669,0.5758578
sells,2.724575,-1.3734602
sellswords,0.12742297,-1.440829
selyse,-0.79854923,-0.77181387
selyses,1.2665766,-1.9543921
send,-2.3079572,0.44956672
sending,3.26572,-2.5349345
sense,-1.7229468,0.75636333
sent,-0.9918882,-1.7091928
ser,-0.12681893,-1.9875267
servants,-0.3435812,-0.7354678
serve,-7.0231605,1.6511698
served,-2.4691763,-0.9009726
service,-0.8116242,1.1789266
set,0.4707087,0.33082998
settle,-1.0460203,-1.2011358
seven,-0.56375366,1.881006
sewn,0.76235265,3.079841
shadow,2.591103,-0.9869257
shadowbinder,3.6820118,1.1366948
shadows,-0.31859958,-0.31252927
shake,-1.878221,-5.3258333
shame,-2.5778403,-3.1208336
shape,1.7404017,1.6289192
shaped,0.6181224,-2.688588
shaping,1.5005182,1.1803471
share,-0.3855151,-0.8012892
sharp,5.7651215,-3.285324
sharply,-1.3212243,2.3251543
shattered,-0.09583347,-1.0717212
she,-0.7545467,-1.577814
shelf,3.6854599,-0.57732904
shell,-2.5604799,-3.7870598
shelves,3.2731907,-0.09713782
shes,0.73675627,-3.4712431
ship,2.2033083,-1.2753031
shipbreaker,6.2346783,-2.30246
ships,3.541849,-2.7925515
shireen,-1.3865478,-0.60509324
shireens,1.7582413,-4.544098
shone,0.9898761,-0.1334014
shook,-0.65861547,-2.0375876
short,-0.9805285,0.5204265
shortened,2.4560785,-2.0163586
shorthand,-0.60711384,-1.8323544
should,-3.8840039,-0.003016219
shoulder,3.8184853,1.6785632
shoulders,3.4171455,0.276855
shout,-1.3969197,-0.56899756
shouted,-3.4652262,-0.9775252
show,0.3810655,-1.044695
shrieked,0.72011024,-8.4566145
shrugged,-0.44213864,0.9779884
shuffled,-1.8840849,-1.4444067
shuffling,2.5375693,-1.9219705
shutting,2.049086,-5.066932
shy,-0.4775672,-0.94697493
sick,-3.7071967,0.32157034
sickly,-0.905385,-4.353948
side,0.7492398,0.8090625
sideways,3.6513948,1.4408659
siege,-0.9528255,1.2781022
sighed,-3.7146466,-0.22061414
sight,0.82477987,0.14609341
sign,-1.0082449,-1.5521858
silenced,-4.7387323,1.6118182
silent,0.67168206,-0.7601658
silver,0.49299335,-0.22768463
simple,1.4386084,0.806908
simply,0.64615095,-2.5513
since,-0.13613689,0.17641799
sinewy,3.9719877,1.3493491
sing,-1.0589256,0.70276886
singing,-2.1839967,-5.179752
single,0.28748354,-0.3248718
sings,-1.3933825,-1.621793
sisters,-1.8562356,0.1771171
sit,0.11618762,0.5541634
sits,0.14678638,0.776362
sixteen,-0.23915295,2.179928
sixty,-0.35473862,0.20054898
skin,0.54099953,-2.7216384
sky,0.112219654,-0.07961274
slab,1.0287546,0.9382904
slash,1.533925,-1.8110836
slaves,2.8459203,2.4394062
sleep,-1.4696249,1.3444434
sleeves,1.726437,1.8626001
slept,-2.3226635,0.40636793
slicing,11.07009,-5.857266
slight,-0.0390689,-2.109341
slow,0.5298976,-1.914818
slowly,-2.0935707,-1.915513
small,-0.21574076,0.60499775
smaller,-1.041188,-1.9690192
smallfolk,-1.3053668,-1.0940076
smashed,2.9113257,-1.4621087
smell,3.5358965,-1.4428599
smile,-2.1245103,0.59171647
smiled,-4.3578835,-1.2396663
smoke,2.437917,-0.8872758
smoking,2.177442,0.2816114
smuggler,1.4422646,-0.5059707
smuggling,-0.100529194,-0.109549314
snatch,0.04753252,-1.590105
snow,-0.6262324,-1.9641265
snows,0.45777187,-1.5447415
snug,-2.7564662,0.20313837
so,-1.3799987,0.16384222
soaked,0.27452382,1.4837496
soft,-2.4162319,1.3364946
soften,0.34955016,-0.8172186
softly,-1.8072308,-0.9986026
solemn,-0.7943608,-2.219677
solemnity,-1.2740936,-0.36092758
some,-2.5633273,2.4207714
someone,-1.2537069,0.87780005
something,0.049963493,-0.59646815
sometimes,-1.2287154,0.44948578
somewhere,-1.6354744,1.8421849
son,-4.5084853,-1.2583712
song,0.5727644,0.6985351
sons,-0.43525437,-0.6430509
soon,-1.5446345,-0.17444941
sooner,0.55297804,-2.1512485
sorceress,6.0072813,1.7393856
sorry,-0.8460898,-1.3778664
sort,-1.2480665,0.5664538
sought,-2.020887,-0.91055447
soul,2.138449,-3.1729722
sound,-1.7298442,1.0670239
sourlyillenough,-1.3578948,-2.7132072
spat,-1.3181723,0.22401567
speak,-1.2634135,-1.1602854
speckled,2.5065506,0.8630483
speech,-0.27035603,1.0599202
spices,0.5195995,1.7629576
spilled,-0.8151947,1.6630421
splendid,0.588318,-1.0454746
spoke,-0.6705063,-0.45123082
spotted,0.13645063,-0.9585272
sprawl,1.2616892,1.0377339
spray,2.0818236,0.643093
spread,1.1239846,-1.2216859
square,3.7603443,-2.8864217
squares,1.1753367,-0.26677588
squat,4.2010517,3.8040633
squeeze,-2.7885573,0.6383081
stained,1.2807889,1.0417535
stair,1.9363087,-0.60897994
stairs,1.8967526,1.2070885
stand,0.25100687,-0.27277157
standing,-1.7794988,-1.8254495
stannis,-0.70419085,-1.5455296
stanniss,4.315728,-2.8817854
star,1.1338449,-2.0382035
stare,0.82378834,-0.06479466
stark,-3.9407842,1.5622962
starks,-2.22027,-0.4928881
stars,3.5589747,2.3376226
start,-0.92567,2.2447798
starve,-1.8270669,2.38711
stay,-1.2134252,-4.377538
steady,-0.79658765,0.594467
steal,-1.6508728,1.1106474
steam,3.302691,-0.46383476
steel,-0.37482,-0.5642855
steep,0.2958994,-0.37135008
steffon,0.535118,-2.3644214
steffons,0.46110123,-0.57554936
step,2.119991,-2.3188062
stepped,0.8364932,-3.088358
steps,-0.19040671,0.7337291
stern,0.54263836,-1.0019221
stiff,-2.4114473,-4.9871025
still,-0.7254635,-0.7661607
stone,1.035977,0.48775673
stony,1.8044175,0.020125678
stood,0.6699065,0.05971847
stop,-1.4999709,0.6148499
stopped,-2.242082,-0.42198125
stopper,-0.45099986,-2.6899688
storm,0.2227897,-0.93131214
storms,-0.48117658,1.8327475
straight,4.3254185,-2.3013859
strand,2.052352,2.1977777
strangler,1.4737489,-2.2313688
strapped,1.7264414,-0.727254
strength,-0.31920975,-1.0001293
strike,-4.7439065,2.633862
striped,5.9846616,-4.757431
strode,4.894227,-2.4416583
strong,-1.8877072,-0.15084577
stubborn,-0.74605227,-2.9145095
stubby,3.100718,-6.4206614
style,-0.69148064,-0.81089425
subject,-3.3403492,2.9700482
submitted,1.0622838,-2.5365353
such,-0.17636167,-0.07662717
sudden,0.89105314,2.2355165
suddenly,3.970822,-3.2137527
sugar,1.511181,3.0402713
suit,2.0932581,-0.9160025
sum,-0.37477767,-1.1436374
summer,-0.44439882,0.32849047
summers,0.26210076,1.7768223
summon,-2.8211997,-0.221152
summoned,-2.8283625,0.7400616
sun,2.098347,-0.42322147
sunglass,10.755855,6.6261635
sunsets,-0.3286429,0.74112207
sup,-1.244343,-0.9811791
superstition,0.13550793,-1.7027369
suppose,-4.7514515,0.36785915
sure,-2.2899091,0.8768842
surely,-1.1246833,-0.6439523
surface,1.6907555,0.1370666
surprise,-2.594575,-0.091369174
surrounded,0.90524906,0.039066717
swallowed,2.385206,-0.20225714
swam,1.472365,-1.7481605
swann,0.01525906,-0.44903058
sweep,-1.7093831,1.2132157
sweeping,0.6821971,-0.12792338
sweet,-0.96504885,-0.8069252
swinging,2.4266946,-2.749593
swollen,2.8346467,0.51887774
swords,-1.0084319,0.73503953
sworn,-1.376176,-0.31019354
symbolizing,3.0332239,-2.7581737
table,1.9489484,-0.6953892
tabletop,1.2097082,2.26058
tail,2.5501356,-1.762237
take,-0.92557204,-0.32788667
taken,0.6682969,-0.6296076
takes,-1.1203022,-0.03724392
taking,-0.13470212,1.2656573
tale,-1.2758687,0.45696
tales,0.8063574,-0.45663553
talk,0.79136926,-0.13280801
talked,0.42716017,0.2722824
talking,0.67496145,0.2337087
talks,1.2012625,-1.2720512
tall,1.1530708,0.0028101394
tally,2.6047785,-0.30189303
targaryen,-1.169818,1.2909303
tarths,-1.1615198,2.1195092
tattoo,1.1576729,1.9515711
taught,-1.4398654,-1.4049233
teach,-0.44197923,-0.8305806
tear,0.68540436,-0.49073225
teeth,2.9043984,-0.6278081
tell,-1.3077568,-0.8967563
ten,-0.539924,0.30152047
terrible,1.6722912,0.15712401
than,-0.30685973,-1.7103695
thank,-3.0165648,-0.103993714
thanked,-4.2098722,2.5882173
thanks,-0.9559119,-0.89794594
that,-0.49279487,-0.40573573
their,0.9837114,0.77327406
them,-0.39047685,-0.3133175
then,-2.6669228,-0.30074072
there,-1.1230198,0.04440815
thereafter,0.54026186,1.0864851
theres,-1.3006651,3.4185925
these,-1.0909698,1.648201
they,-1.3506318,-0.03813589
thick,-0.92828786,0.11628234
thickened,-0.7563698,-1.7829094
thieving,-0.30755007,1.8030066
thin,1.9425304,-0.11763148
thing,-0.9178609,0.06645964
things,-2.2009575,-2.3407397
think,-3.3881295,-0.45872015
thinking,-0.47267944,-1.6443907
thinks,-1.3221632,-0.14364395
thinly,-1.8162836,2.3039043
third,1.3502126,-2.523374
thirteen,-1.1514351,2.8928936
this,-0.4072349,-0.08906527
thong,3.171973,-1.45338
those,-1.0380546,0.069029145
though,-1.0810578,-0.4846096
thought,-1.8354996,-0.9339996
thousand,0.63271177,1.3460397
threaten,-1.5115796,1.9213973
three,0.004529112,-0.13100983
threw,2.9675283,-2.192845
throat,1.5496318,-4.952787
throbbing,0.972336,-1.3183553
throne,-0.12835819,0.7998534
through,4.109413,-2.1619582
thumb,-1.6893913,0.022977114
tide,1.6221067,0.044669643
tides,2.323772,1.9562463
tight,13.203276,-2.3834808
tighter,2.0106194,-8.082428
tightlaced,1.7673881,0.34944528
tightness,1.6423459,-0.7753458
time,-0.7397808,-0.7569376
tin,-3.2232788,2.115066
tip,2.6258519,-1.2408699
to,-0.96376354,0.14709353
today,-1.7233286,0.748717
together,0.053764183,-0.7697616
told,-1.5365828,-0.7053137
tone,-0.059984382,-0.777813
tongue,1.2927133,-1.5019002
tongues,-0.81610656,0.22668092
tonight,-2.7162557,0.27737236
too,-1.9124852,1.2589197
took,-0.685353,0.11762073
torches,3.7507796,-0.66545993
torment,-0.6587421,-1.508278
tottered,-0.2926039,-1.1248024
touch,-0.42614642,-0.9817908
touched,0.7496839,-1.1375109
tough,-0.83261853,-0.78010887
tourneys,-0.67911816,0.60352284
tower,-0.2247381,-1.2812241
towers,0.1570285,3.491147
trained,0.60362005,-0.70690197
traitor,0.47724247,1.1445187
treasons,-0.5899541,-1.1882399
treat,-2.568179,-0.831564
treated,-2.3743777,0.30985597
trembled,-1.420042,0.54986334
trembles,-3.4100113,1.9475812
trim,-2.132555,1.883257
tripledecked,13.036942,-2.9924152
triumph,-2.2843246,1.6590099
true,-0.7831575,-0.67154324
truebred,2.5859346,-14.132232
truly,-1.0447761,-1.4345245
truth,-0.022398349,-1.1552162
trying,-1.1969602,-1.4350885
turn,1.0691632,-0.6381004
turned,-0.086239144,-2.100155
turning,2.1106436,-2.2485502
turnpike,0.9097661,0.64770514
turns,-0.19338241,3.0434785
twelve,-0.16072333,0.7915696
twice,-3.83185,1.6378453
twitches,-4.3826933,3.0884314
two,0.04366462,1.8806963
twomasted,2.7370975,-1.3977107
tyrell,4.0847683,2.0666654
tyrells,2.4292896,0.8801316
ugly,-0.26895037,-0.804826
uncle,-0.7345801,-0.31435272
uncles,-4.171598,-2.980419
uncomfortable,-0.7988003,-1.5093511
unconvinced,-0.9368366,-1.3871446
under,0.67459095,-0.58381575
understand,-3.3565133,-0.41958058
uneasy,-2.1105459,1.0314555
unfortunate,5.446782,-5.0033073
unfurls,-0.16195336,-0.20833024
unleashing,0.13452037,1.771411
unless,-3.1786025,2.3117464
unlike,-2.3953233,-2.7528682
unsteady,-0.001192001,0.8441993
unthinkable,-2.2925205,3.2223763
until,1.6145537,-1.8271631
up,0.7482817,-1.0441877
upon,5.807852,-8.57783
upper,1.393948,-3.5906444
urged,-0.95313835,-0.7041228
us,-1.0970256,0.8623387
use,-1.0040164,1.4837915
used,-1.696289,-2.0402715
usurpers,4.7268987,1.6623913
utterly,-4.203805,-2.6452513
valyria,0.96729654,-0.010696552
valyrians,-1.4526141,2.8830945
vanish,-2.917501,-0.83751786
vanished,2.2747664,-3.2154248
varnish,0.66304547,2.1427815
vast,0.40842494,-1.963554
veins,2.1096125,1.8988968
velaryon,-1.9252037,3.571684
vents,3.6147835,1.2077003
very,0.18915962,-1.7644405
vex,-2.1523376,1.5670574
vial,0.7023885,-0.29886332
vials,-0.8945477,1.4310323
victims,-0.30841175,-2.6988611
victory,-2.20387,-1.2092061
view,-0.22132987,1.9714233
views,3.2132504,-0.92543995
village,3.185936,4.132644
viserys,-1.6274633,0.91914546
visitors,-3.0344148,-0.2622374
visits,0.10073759,-1.0644219
vividly,9.203002,2.9657407
voice,0.31648362,-0.2239443
volantis,0.61343825,1.574589
wagon,-0.94155514,0.4428
wait,2.4676178,-1.5242037
waited,-3.0797768,1.389806
waiting,-0.8786767,-0.75531316
walk,2.6902757,0.07176236
walked,-2.833211,-2.4171877
wall,10.35763,11.48608
walls,1.8726478,0.5546634
wallwalks,12.008775,-1.1490443
want,-2.2684143,0.7754581
wanted,-1.9861903,0.25688577
war,7.160552,-1.1426451
warm,-0.103555456,4.264189
warmth,2.7157028,-0.4510048
warn,-0.73075855,-1.5606824
warned,-2.3652668,0.37282503
warships,0.68365693,-0.47152063
was,-0.24315894,-0.76887083
wash,0.9793127,1.9079227
washed,1.5693289,-1.9280934
waste,0.9643534,1.0175874
watch,-0.2141152,-1.1178732
watched,0.6688709,-1.0077623
watching,-1.9977766,2.065775
water,0.29397842,1.4560002
waters,3.3379366,-2.431087
waved,0.7077351,-2.380586
way,-0.45400757,0.38086274
ways,0.25394604,0.31069535
we,-3.0347893,1.0358773
weak,-0.89332867,-4.7667007
weakness,-0.9981652,1.3568352
wear,-0.40432936,0.8543669
wearily,-1.6255125,-1.6017191
weave,4.280053,1.1796619
web,-0.12110885,0.73197573
wed,-3.7778637,1.1188637
weep,-0.57746065,1.6829915
well,-1.2147651,-0.41301313
wellworn,5.484309,-8.34588
went,1.4948214,-2.966138
were,-0.37451276,0.9398516
westernmost,1.915077,0.5349113
westeros,1.8004342,0.55819714
wet,-0.09296078,-1.4171768
what,-2.2549458,-1.0264052
whatever,-3.846989,-1.2972932
when,-1.0489451,-0.91681594
where,-0.38641128,-0.8146087
wherever,1.510576,3.54697
whether,-2.7470622,-1.6265659
which,0.4245247,-0.8269621
while,1.097284,0.025754845
whip,0.7866085,-4.902038
whiskers,4.5844145,-1.882601
whispered,-1.0206606,1.298955
white,0.4600904,-3.1881497
who,-1.5480117,0.81265104
whole,-0.21464458,11.85746
whored,-3.730712,-1.2458293
whose,1.9341962,-0.9561419
why,-4.757019,0.04108324
wide,0.10856381,-0.04941836
widest,-0.8396547,1.0671017
widow,1.7353241,0.7227737
wield,0.34122226,-1.6063445
wife,-0.059778474,-1.5090278
wifes,2.0048144,-1.0213461
wild,0.76589006,-0.7128954
willem,-3.174036,3.558631
win,-1.5924367,0.019181393
wind,-1.6713947,1.3450875
windows,1.8351204,-1.385327
windpipe,-0.31216982,-1.9019198
windproud,3.64003,-1.9063619
windswept,2.8824303,-0.09332117
wine,-0.01573414,-0.7964743
wing,-0.81674856,2.5113666
wings,3.3460603,-4.928297
winter,-1.9050583,0.17896964
winterfell,2.6467311,0.12016288
wisdom,0.8040111,1.4229771
wise,-2.2527087,1.3145964
wit,-0.562256,-0.075534984
with,0.9357393,-0.9840869
within,1.3357005,0.43419304
without,-1.6172864,-0.029833674
wits,0.89201736,-0.8573942
witty,-2.9839864,-1.8675328
wizard,-4.7034388,2.6860533
woke,-0.44404483,-1.143097
woken,-2.9568,-0.38536358
woman,-0.22478133,-2.4713757
womans,0.2020032,-0.09391769
women,2.2460046,-0.15204166
won,-1.6174406,-1.9680173
wondered,-2.7752817,0.10771063
wont,-1.9579984,-1.1637163
wood,-0.06997063,2.9187958
wool,1.0655776,-0.42644584
word,0.54052895,-0.29446468
worded,-0.12092867,2.0848792
words,-1.6079215,1.2889458
wore,7.499613,0.8243191
work,-1.3548629,-1.4533787
workroom,0.6230218,0.28082845
world,-0.33616683,0.1516885
worn,1.1560924,-1.0386238
worship,-0.15072395,0.06931616
worth,-0.92294246,-1.0201653
would,-1.6407928,-0.53930384
wound,1.3325752,0.7173634
wounds,2.0569048,-0.3288043
wrath,1.0583417,1.4675845
wretch,0.5752307,2.0320044
wrinkled,1.6575066,-4.4536343
written,2.310295,-3.3346744
wrongs,-1.5941668,-0.39495993
wrote,-2.2199678,-4.1735907
wyvern,0.9280249,0.8080188
yard,0.71706754,2.7138333
year,-1.2519892,0.33604836
years,-0.9216502,1.1543536
yes,-0.28505707,1.1115085
yestermorn,2.1663496,-4.112332
yet,-1.0854775,-0.71942115
yield,-0.80481595,1.0420774
yielded,-1.1099315,-2.5200946
you,-2.7733264,0.11507435
youd,-3.9438488,-0.9973663
young,-2.6291802,-0.903196
younger,-2.3965595,-2.0454483
youngest,1.0941881,-1.213341
your,-2.4843206,-0.51819557
yours,-1.190314,-0.53422844
youth,0.11465774,-1.219561
youve,-1.9811677,0.38494837
